{
  "n_kpts": 51,
  "w1p": -1.3131601259629777,
  "w1d": 0.5112153733122944,
  "w2p": -0.16938758974497214,
  "w2d": 0.02146203441092891,
  "chi2": 0.002999876483711169,
  "nfev": 394,
  "success": true,
  "n_starts": 10,
  "timestamp": "2026-05-14T11:05:01.704417"
}