{
  "stacking": "P",
  "n_kpts": 51,
  "bounds": [
    -10.0,
    10.0
  ],
  "w1p": 3.288774816052622,
  "w1d": -1.5891314773221161,
  "w2p": -2.963809185699185,
  "w2d": 9.910137304544405,
  "chi2": 0.07171812415036789,
  "nfev": 257,
  "success": true,
  "n_starts": 5,
  "timestamp": "2026-05-07T12:01:37.027391"
}