{
  "n_kpts": 51,
  "w1p": 1.1548574446619797,
  "w1d": -0.6535700587303892,
  "w2p": 0.10650693798512507,
  "w2d": -0.10318623363235939,
  "chi2": 0.0028955398504088617,
  "nfev": 581,
  "success": true,
  "n_starts": 10,
  "timestamp": "2026-05-13T15:05:33.139783"
}